/*
SQLyog Ultimate v11.24 (32 bit)
MySQL - 5.6.21 : Database - db_crm
*********************************************************************
*/

/*!40101 SET NAMES utf8 */;

/*!40101 SET SQL_MODE=''*/;

/*!40014 SET @OLD_UNIQUE_CHECKS=@@UNIQUE_CHECKS, UNIQUE_CHECKS=0 */;
/*!40014 SET @OLD_FOREIGN_KEY_CHECKS=@@FOREIGN_KEY_CHECKS, FOREIGN_KEY_CHECKS=0 */;
/*!40101 SET @OLD_SQL_MODE=@@SQL_MODE, SQL_MODE='NO_AUTO_VALUE_ON_ZERO' */;
/*!40111 SET @OLD_SQL_NOTES=@@SQL_NOTES, SQL_NOTES=0 */;
CREATE DATABASE /*!32312 IF NOT EXISTS*/`db_crm` /*!40100 DEFAULT CHARACTER SET utf8 COLLATE utf8_bin */;

USE `db_crm`;

/*Table structure for table `t_account` */

DROP TABLE IF EXISTS `t_account`;

CREATE TABLE `t_account` (
  `id` bigint(20) NOT NULL AUTO_INCREMENT,
  `username` varchar(120) COLLATE utf8_bin NOT NULL,
  `userpass` varchar(120) COLLATE utf8_bin NOT NULL,
  `createtime` varchar(60) COLLATE utf8_bin DEFAULT NULL,
  `lastlogintime` varchar(60) COLLATE utf8_bin DEFAULT NULL,
  `lastloginip` varchar(60) COLLATE utf8_bin DEFAULT NULL,
  `deptid` bigint(20) DEFAULT NULL,
  `useable` tinyint(4) DEFAULT '1',
  `grade` int(11) DEFAULT '2',
  `del` tinyint(4) DEFAULT '0',
  PRIMARY KEY (`id`)
) ENGINE=InnoDB AUTO_INCREMENT=13 DEFAULT CHARSET=utf8 COLLATE=utf8_bin;

/*Data for the table `t_account` */

insert  into `t_account`(`id`,`username`,`userpass`,`createtime`,`lastlogintime`,`lastloginip`,`deptid`,`useable`,`grade`,`del`) values (1,'admin','e10adc3949ba59abbe56e057f20f883e',NULL,'2015-07-26 22:59:28','0:0:0:0:0:0:0:1',1,1,0,0),(2,'tom','e10adc3949ba59abbe56e057f20f883e',NULL,'2015-07-27 16:29:16','0:0:0:0:0:0:0:1',1,1,2,0),(3,'lucy','e10adc3949ba59abbe56e057f20f883e',NULL,NULL,NULL,1,1,2,0),(4,'wang','e10adc3949ba59abbe56e057f20f883e',NULL,NULL,NULL,2,1,2,1),(5,'zhang','e10adc3949ba59abbe56e057f20f883e',NULL,NULL,NULL,2,1,2,1),(7,'yang','e10adc3949ba59abbe56e057f20f883e',NULL,NULL,NULL,2,1,2,1),(8,'liu','e10adc3949ba59abbe56e057f20f883e',NULL,NULL,NULL,2,1,2,1),(9,'大幅度飞','e10adc3949ba59abbe56e057f20f883e','2015-07-21 17:23',NULL,'0:0:0:0:0:0:0:1',1,0,2,0),(10,'测试测试','14e1b600b1fd579f47433b88e8d85291','2015-07-21 22:18',NULL,'0:0:0:0:0:0:0:1',1,1,2,1),(11,'测试测试','e10adc3949ba59abbe56e057f20f883e','2015-07-21 22:24',NULL,'0:0:0:0:0:0:0:1',1,0,2,1),(12,'34343','e10adc3949ba59abbe56e057f20f883e','2015-07-21 22:28',NULL,'0:0:0:0:0:0:0:1',1,0,2,0);

/*Table structure for table `t_chance` */

DROP TABLE IF EXISTS `t_chance`;

CREATE TABLE `t_chance` (
  `id` bigint(20) NOT NULL AUTO_INCREMENT,
  `chtitle` varchar(120) COLLATE utf8_bin DEFAULT NULL,
  `chcustid` bigint(20) DEFAULT NULL,
  `chaccountid` bigint(20) DEFAULT NULL,
  `chcontent` longtext COLLATE utf8_bin,
  `chmoney` double DEFAULT NULL,
  `chstate` int(11) DEFAULT NULL,
  `chviews` tinyint(4) DEFAULT NULL,
  `chcreatetime` varchar(60) COLLATE utf8_bin DEFAULT NULL,
  PRIMARY KEY (`id`)
) ENGINE=InnoDB AUTO_INCREMENT=13 DEFAULT CHARSET=utf8 COLLATE=utf8_bin;

/*Data for the table `t_chance` */

insert  into `t_chance`(`id`,`chtitle`,`chcustid`,`chaccountid`,`chcontent`,`chmoney`,`chstate`,`chviews`,`chcreatetime`) values (1,'测试',6,2,'【天气太热 千名大学生体育馆过夜】昨晚湖北武汉最高气温达35度，华中师范大学开放有空调的体育馆让学生纳凉过夜。晚上10点多，体育馆里就睡满了上千名学生，还不断地有带着凉席的学生前来。馆内摆上一排盖红布的桌子，作为划分男女住宿的分割线。据悉该校还有许多宿舍没有空调。',50000,3,1,'2015-06-30'),(2,'测试2',5,2,'今天，2015年上半年最后一天。新年的兴奋仿佛刚刚过去，2015却已流逝近半。有没有感慨时光飞驰？有没有对未来感到迷茫？从今天起，少眺望，少回头，多专注于当下。给自己一个合理的目标，一个合适的计划，一个坚持的理由，一个改变的机会。多一些努力，只为更好的自己！下半年，加油！',5000,3,1,'2015-06-30'),(3,'测试3',6,2,'【微软放弃WP手机转投Android 这次来真的？】 微软在本月中旬宣布了公司的 重组计划 ，手机业务负责人木马埃洛普离职，成立新的Windows硬件部门。 消息甫出，就有分析人士察觉到这是 CEO纳德拉对Lumia手机或者说W…',50000000,1,1,'2015-06-30'),(4,'桑桑',6,2,'<p>下次带桑桑出去玩耍</p>',500000,3,1,NULL),(5,'桑桑',6,2,'<p>下次带桑桑出去玩耍</p>',500000,3,1,NULL),(6,'发的',6,2,'<p>非得分地方</p>',500000,3,1,NULL),(7,'桑桑',6,2,'<p>带着桑桑去玩耍</p>',50000000,0,1,'2015-07-01 00:15:38'),(8,'fdsfdsad',6,2,'<p>fdsdsafsdafsda</p>',3435435465,1,1,'2015-07-02 10:27:00'),(9,'rerfddf',6,2,'<p>fdfds</p>',500000,3,1,'2015-07-08 16:24:21'),(10,'费大幅度',6,2,'',500000,3,1,'2015-07-08 16:30:51'),(11,'rfrfrfr',NULL,NULL,'<p>fd</p>',234343,3,1,'2015-07-22 11:01:25'),(12,'非得分地方的打算发生',NULL,NULL,'<p>的非得分地方</p>',24444,0,1,'2015-07-26 22:49:07');

/*Table structure for table `t_content` */

DROP TABLE IF EXISTS `t_content`;

CREATE TABLE `t_content` (
  `id` bigint(20) NOT NULL AUTO_INCREMENT,
  `content` longtext COLLATE utf8_bin,
  `accountid` bigint(20) DEFAULT NULL,
  `custid` bigint(20) DEFAULT NULL,
  `createtime` varchar(60) COLLATE utf8_bin DEFAULT NULL,
  PRIMARY KEY (`id`)
) ENGINE=InnoDB AUTO_INCREMENT=51 DEFAULT CHARSET=utf8 COLLATE=utf8_bin;

/*Data for the table `t_content` */

insert  into `t_content`(`id`,`content`,`accountid`,`custid`,`createtime`) values (1,'<p>xsds</p>',1,18,'2015-06-29 15:22:56'),(2,'<p>二的人</p>',1,18,'2015-06-29 15:23:57'),(3,'<p>热v</p>',1,18,'2015-06-29 15:24:01'),(4,'<p>发大幅度辅导费&nbsp;</p>',2,26,'2015-06-29 16:05:54'),(5,'<p>trewtretertwretre</p>',2,29,'2015-06-30 11:04:11'),(6,'<p>rtwertewrterwterwtertretretretretretreterwtrewfdgfdgdfgfdgfdgfdg</p>',2,29,'2015-06-30 11:04:19'),(7,'<p>r</p>',2,29,'2015-06-30 11:04:22'),(8,'<p>r</p>',2,29,'2015-06-30 11:04:25'),(9,'<p>r</p>',2,29,'2015-06-30 11:04:29'),(10,'<p>r</p>',2,29,'2015-06-30 11:04:32'),(11,'<p>r</p>',2,29,'2015-06-30 11:04:34'),(12,'<p>t</p>',2,29,'2015-06-30 11:04:37'),(13,'<p>t</p>',2,29,'2015-06-30 11:04:39'),(14,'',2,29,'2015-06-30 11:07:27'),(15,'',2,29,'2015-06-30 11:07:31'),(16,'',2,29,'2015-06-30 11:07:35'),(17,'',2,29,'2015-06-30 11:07:41'),(18,'',2,29,'2015-06-30 11:10:13'),(19,'<p>erferfeagf</p>',2,29,'2015-06-30 11:10:24'),(20,'<p>fdsfdsfds</p>',2,29,'2015-06-30 11:10:29'),(21,'<p>fdsfdsf</p>',2,29,'2015-06-30 11:10:35'),(22,'',2,29,'2015-06-30 11:10:38'),(23,'',2,29,'2015-06-30 11:16:24'),(24,'',2,29,'2015-06-30 11:18:31'),(25,'',2,29,'2015-06-30 11:18:35'),(26,'',2,29,'2015-06-30 11:19:28'),(27,'',2,29,'2015-06-30 11:19:35'),(28,'<p>gdsfgdfsgdffdsg</p>',2,29,'2015-06-30 11:19:41'),(29,'<p>gfdsgdfgfddfsg</p>',2,29,'2015-06-30 11:19:48'),(30,'<p>fdgfdgsdfgdfsg</p>',2,29,'2015-06-30 11:19:54'),(31,'',2,29,'2015-06-30 11:19:57'),(32,'',2,29,'2015-06-30 11:22:23'),(33,'',2,29,'2015-06-30 11:22:27'),(34,'',2,29,'2015-06-30 11:22:32'),(35,'',2,29,'2015-06-30 11:22:35'),(36,'',2,29,'2015-06-30 11:22:40'),(37,'',2,29,'2015-06-30 11:22:44'),(38,'',2,29,'2015-06-30 11:24:12'),(39,'',2,29,'2015-06-30 11:24:18'),(40,'',2,29,'2015-06-30 11:24:46'),(41,'',2,29,'2015-06-30 11:24:50'),(42,'<p>fgfdrgdfsgdfgdfs</p>',2,29,'2015-06-30 11:25:32'),(43,'<p>sdfgsdfgdfs</p>',2,29,'2015-06-30 11:25:37'),(44,'<p>sdfgsdfgdfsdfsgd</p>',2,29,'2015-06-30 11:25:40'),(45,'<p>dfsgdsfgdfsdfsgdfs</p>',2,29,'2015-06-30 11:25:43'),(46,'',2,29,'2015-06-30 11:25:47'),(47,'',2,6,'2015-07-02 22:44:37'),(48,'<p>dfdf&nbsp;</p>',2,6,'2015-07-02 22:58:13'),(49,'<p>dfdf&nbsp;</p>',2,30,'2015-07-06 16:13:34'),(50,'<p>fd&nbsp;</p>',2,30,'2015-07-06 16:13:42');

/*Table structure for table `t_customer` */

DROP TABLE IF EXISTS `t_customer`;

CREATE TABLE `t_customer` (
  `id` bigint(20) NOT NULL AUTO_INCREMENT,
  `custname` varchar(120) COLLATE utf8_bin NOT NULL,
  `namepinyin` varchar(230) COLLATE utf8_bin DEFAULT NULL,
  `jobs` varchar(120) COLLATE utf8_bin DEFAULT NULL,
  `companyid` bigint(20) DEFAULT NULL,
  `tel` varchar(20) COLLATE utf8_bin DEFAULT NULL,
  `views` tinyint(4) DEFAULT NULL,
  `accountid` bigint(20) DEFAULT NULL,
  `flags` tinyint(4) DEFAULT NULL,
  `address` varchar(200) COLLATE utf8_bin DEFAULT NULL,
  `im` varchar(100) COLLATE utf8_bin DEFAULT NULL,
  `website` varchar(200) COLLATE utf8_bin DEFAULT NULL,
  `content` varchar(3000) COLLATE utf8_bin DEFAULT NULL,
  `email` varchar(200) COLLATE utf8_bin DEFAULT NULL,
  `createtime` varchar(80) COLLATE utf8_bin DEFAULT NULL,
  PRIMARY KEY (`id`)
) ENGINE=InnoDB AUTO_INCREMENT=44 DEFAULT CHARSET=utf8 COLLATE=utf8_bin;

/*Data for the table `t_customer` */

insert  into `t_customer`(`id`,`custname`,`namepinyin`,`jobs`,`companyid`,`tel`,`views`,`accountid`,`flags`,`address`,`im`,`website`,`content`,`email`,`createtime`) values (6,'Google','google',NULL,NULL,'123456',1,2,0,'美国公司','google','https://www.google.com','','123@gmail.com',NULL),(18,'tag','tag','ceo',6,'12345645',0,2,NULL,NULL,NULL,NULL,'<p>fgfgfggdfgfd&nbsp;</p>null',NULL,NULL),(19,'tom','tom','ceo',6,'123456',0,1,1,'','','','','','2015-06-26 21:52'),(20,'腾讯','tencent',NULL,NULL,'123456789',1,2,0,NULL,NULL,NULL,NULL,NULL,NULL),(21,'马化腾','mahuatent','ceo',20,'123456789',1,2,1,'','','','','','2015-06-27 09:22'),(22,'阿里巴巴','alibaba',NULL,NULL,'123456789',1,2,0,NULL,NULL,NULL,NULL,NULL,NULL),(23,'马云','mayun','董事长',22,'123456789',1,2,1,'','','','','','2015-06-27 09:24'),(24,'百度','baidu',NULL,NULL,'123456789',1,2,0,'beijing','','','','',NULL),(25,'李彦宏','liyanhong','董事长',24,'123456789',1,2,1,'','','','','','2015-06-27 09:24'),(27,'Facebook','facebook',NULL,NULL,'123456789',1,2,0,NULL,NULL,NULL,NULL,NULL,NULL),(28,'拉克伯格','lakeboge','CEO',27,'123456789',1,2,1,'','','','','','2015-06-27 09:26'),(29,'拉里.佩奇','lalipeiqi','CEO',6,'123456789',1,2,1,'','','','','','2015-06-29 16:13'),(30,'58','58',NULL,NULL,'58',1,2,0,NULL,NULL,NULL,NULL,NULL,NULL),(31,'费大幅度','feidafudu','软件开发',6,'123435465467',1,2,1,'','','','','','2015-07-08 16:29'),(32,'同人图如图','tongrenturutu',NULL,NULL,'12312321312',1,1,1,'','','','','','2015-07-21 22:35'),(33,'非得分地方的','feidefendifangde',NULL,NULL,'123123123123123123',1,1,1,'','','','','','2015-07-21 22:39'),(35,'rere','rere','ceo',6,'1212',1,2,1,'','','','','','2015-07-22 10:59'),(36,'trt','trt',NULL,NULL,'erer',1,2,0,'','','','','','2015-07-22 13:42'),(37,'34343','34343',NULL,NULL,'32432432',1,2,0,'fd','fd','','fdf','2423@qq.com','2015-07-22 13:43'),(38,'252','252',NULL,NULL,'254245',1,2,0,'','','','','','2015-07-22 13:43'),(39,'阿里云','aliyun',NULL,NULL,'123456788',1,2,0,'','','','','aliyun@ali.com','2015-07-22 13:52'),(40,'发大幅度辅导费','fadafudufudaofei',NULL,NULL,'2342343',1,2,0,'','','','','','2015-07-26 22:57'),(41,'而78686用户','er78686yonghu',NULL,NULL,'55454545464654',1,1,0,'','','','','','2015-07-26 23:00'),(42,'24524','24524',NULL,NULL,'5454245245',1,1,0,NULL,NULL,NULL,NULL,NULL,NULL),(43,'54554','54554','2542',42,'5454245245',1,1,1,'','','','','','2015-07-26 23:00');

/*Table structure for table `t_dept` */

DROP TABLE IF EXISTS `t_dept`;

CREATE TABLE `t_dept` (
  `id` bigint(20) NOT NULL AUTO_INCREMENT,
  `deptname` varchar(120) COLLATE utf8_bin DEFAULT NULL,
  PRIMARY KEY (`id`)
) ENGINE=InnoDB AUTO_INCREMENT=36 DEFAULT CHARSET=utf8 COLLATE=utf8_bin;

/*Data for the table `t_dept` */

insert  into `t_dept`(`id`,`deptname`) values (1,'java开发组'),(31,'Android开发组'),(35,'c++开发组');

/*Table structure for table `t_event` */

DROP TABLE IF EXISTS `t_event`;

CREATE TABLE `t_event` (
  `id` bigint(20) NOT NULL AUTO_INCREMENT,
  `evcontent` longtext COLLATE utf8_bin,
  `evchanceid` bigint(20) DEFAULT NULL,
  `evaccountid` bigint(20) DEFAULT NULL,
  `evcreatetime` varchar(60) COLLATE utf8_bin DEFAULT NULL,
  `evstate` int(11) DEFAULT NULL,
  PRIMARY KEY (`id`)
) ENGINE=InnoDB AUTO_INCREMENT=127 DEFAULT CHARSET=utf8 COLLATE=utf8_bin;

/*Data for the table `t_event` */

insert  into `t_event`(`id`,`evcontent`,`evchanceid`,`evaccountid`,`evcreatetime`,`evstate`) values (10,'<p>I love you</p>',7,2,'2015-07-01 12:56:53',0),(11,'<p>阿凡达发</p>',7,2,'2015-07-01 13:18:40',0),(12,'<p>dwsd</p>',6,2,'2015-07-01 13:58:15',0),(13,'',2,2,'2015-07-01 22:59:48',0),(14,'',2,2,'2015-07-01 22:59:50',0),(15,'',2,2,'2015-07-01 22:59:52',0),(16,'',2,2,'2015-07-01 23:00:04',0),(17,'',7,2,'2015-07-01 23:41:44',0),(18,'',2,2,'2015-07-02 09:01:19',0),(19,'事件处理为成功',2,2,'2015-07-02 10:20:16',1),(20,'处理为成跟进',2,2,'2015-07-02 10:21:22',0),(21,'时间处理为终结',2,2,'2015-07-02 10:21:31',3),(22,'<p>fdsfsdfdssdfd</p>',8,2,'2015-07-02 10:27:08',0),(23,'事件处理为成功',8,2,'2015-07-02 10:27:17',1),(24,'处理为成跟进',8,2,'2015-07-02 10:30:04',0),(25,'事件处理为成功',8,2,'2015-07-02 10:30:06',1),(26,'',8,2,'2015-07-02 10:30:11',0),(27,'<p>fdsfsdf</p>',8,2,'2015-07-02 10:30:19',0),(28,'事件处理为成功',2,2,'2015-07-02 16:36:32',1),(29,'处理为成跟进',2,2,'2015-07-02 23:01:12',0),(30,'事件处理为失败',2,2,'2015-07-02 23:01:14',2),(31,'时间处理为终结',2,2,'2015-07-02 23:01:22',3),(32,'事件处理为成功',2,2,'2015-07-02 23:20:48',1),(33,'时间处理为终结',2,2,'2015-07-02 23:22:02',3),(34,'事件处理为成功',2,2,'2015-07-02 23:22:05',1),(35,'时间处理为终结',2,2,'2015-07-02 23:22:32',3),(36,'事件处理为成功',2,2,'2015-07-02 23:22:40',1),(37,'时间处理为终结',2,2,'2015-07-02 23:22:45',3),(38,'',8,2,'2015-07-08 10:42:16',0),(39,'',8,2,'2015-07-08 10:42:25',0),(40,'',8,2,'2015-07-08 10:42:38',0),(41,'<p>唐唐</p>',8,2,'2015-07-08 10:45:22',0),(42,'',8,2,'2015-07-08 10:46:00',0),(43,'处理为成跟进',1,2,'2015-07-08 16:31:24',0),(44,'事件处理为失败',1,2,'2015-07-08 16:31:48',2),(45,'事件处理为成功',1,2,'2015-07-08 16:52:50',1),(46,'处理为成跟进',1,2,'2015-07-08 16:53:00',0),(47,'事件处理为失败',1,2,'2015-07-08 16:53:11',2),(48,'事件处理为成功',1,2,'2015-07-08 16:53:13',1),(49,'处理为成跟进',1,2,'2015-07-13 13:45:58',0),(50,'事件处理为失败',1,2,'2015-07-13 13:46:00',2),(51,'时间处理为终结',1,2,'2015-07-13 13:46:01',3),(52,'事件处理为成功',3,2,'2015-07-13 13:47:07',1),(53,'处理为成跟进',3,2,'2015-07-13 13:47:09',0),(54,'事件处理为成功',3,2,'2015-07-13 13:47:13',1),(55,'处理为成跟进',8,2,'2015-07-13 22:05:08',0),(56,'事件处理为成功',8,2,'2015-07-13 22:06:32',1),(57,'处理为成跟进',8,2,'2015-07-13 22:06:33',0),(58,'事件处理为失败',8,2,'2015-07-13 22:06:34',2),(59,'事件处理为成功',8,2,'2015-07-13 22:06:35',1),(60,'<p>gh&nbsp;</p>',8,2,'2015-07-13 22:20:53',0),(61,'处理为成跟进',8,2,'2015-07-13 22:41:08',0),(62,'事件处理为失败',8,2,'2015-07-13 22:41:12',2),(63,'事件处理为成功',8,2,'2015-07-13 22:41:12',1),(64,'处理为成跟进',8,2,'2015-07-13 22:42:54',0),(65,'事件处理为成功',8,2,'2015-07-13 22:42:55',1),(66,'处理为成跟进',8,2,'2015-07-13 22:43:10',0),(67,'事件处理为成功',8,2,'2015-07-13 22:43:11',1),(68,'处理为成跟进',8,2,'2015-07-13 22:43:15',0),(69,'事件处理为成功',8,2,'2015-07-13 22:43:16',1),(70,'处理为成跟进',8,2,'2015-07-13 22:48:03',0),(71,'事件处理为成功',8,2,'2015-07-13 22:48:04',1),(72,'处理为成跟进',8,2,'2015-07-13 22:48:08',0),(73,'事件处理为成功',8,2,'2015-07-13 22:48:09',1),(74,'处理为成跟进',8,2,'2015-07-13 22:50:43',0),(75,'事件处理为成功',8,2,'2015-07-13 22:50:44',1),(76,'处理为成跟进',8,2,'2015-07-13 22:50:51',0),(77,'事件处理为成功',8,2,'2015-07-13 22:50:53',1),(78,'处理为成跟进',8,2,'2015-07-13 22:51:22',0),(79,'事件处理为成功',8,2,'2015-07-13 22:51:23',1),(80,'处理为成跟进',8,2,'2015-07-13 22:53:21',0),(81,'事件处理为成功',8,2,'2015-07-13 22:53:23',1),(82,'处理为成跟进',8,2,'2015-07-13 22:58:16',0),(83,'事件处理为失败',8,2,'2015-07-13 22:58:18',2),(84,'处理为成跟进',8,2,'2015-07-13 22:58:21',0),(85,'事件处理为失败',8,2,'2015-07-13 22:59:35',2),(86,'处理为成跟进',8,2,'2015-07-13 22:59:37',0),(87,'事件处理为成功',8,2,'2015-07-13 22:59:40',1),(88,'时间处理为终结',8,2,'2015-07-13 22:59:41',3),(89,'事件处理为成功',8,2,'2015-07-13 23:00:15',1),(90,'事件处理为成功',8,2,'2015-07-13 23:00:16',1),(91,'时间处理为终结',4,2,'2015-07-13 23:01:16',3),(92,'<p>发的</p>',5,2,'2015-07-13 23:17:02',0),(93,'<p>发的</p>',5,2,'2015-07-13 23:19:39',0),(94,'事件处理为成功',5,2,'2015-07-13 23:20:10',1),(95,'<p>辅导费</p>',5,2,'2015-07-13 23:20:14',0),(96,'',5,2,'2015-07-13 23:44:15',0),(97,'',5,2,'2015-07-13 23:44:16',0),(98,'',5,2,'2015-07-13 23:44:17',0),(99,'',5,2,'2015-07-13 23:44:17',0),(100,'',5,2,'2015-07-13 23:44:18',0),(101,'',5,2,'2015-07-13 23:44:20',0),(102,'',5,2,'2015-07-13 23:44:20',0),(103,'',5,2,'2015-07-13 23:44:20',0),(104,'',5,2,'2015-07-13 23:44:21',0),(105,'',5,2,'2015-07-13 23:44:20',0),(106,'',5,2,'2015-07-13 23:44:21',0),(107,'',5,2,'2015-07-13 23:44:21',0),(108,'',5,2,'2015-07-13 23:44:20',0),(109,'事件处理为失败',6,1,'2015-07-21 16:18:11',2),(110,'事件处理为成功',6,1,'2015-07-21 16:18:13',1),(111,'处理为成跟进',6,1,'2015-07-21 16:18:14',0),(112,'时间处理为终结',6,1,'2015-07-21 16:18:15',3),(113,'时间处理为终结',10,2,'2015-07-21 22:39:59',3),(114,'时间处理为终结',9,2,'2015-07-21 22:53:41',3),(115,'时间处理为终结',5,2,'2015-07-21 23:02:43',3),(116,'事件处理为成功',11,2,'2015-07-22 11:01:35',1),(117,'事件处理为失败',11,2,'2015-07-22 11:01:37',2),(118,'处理为成跟进',11,2,'2015-07-22 11:01:38',0),(119,'事件处理为成功',11,2,'2015-07-22 11:01:39',1),(120,'时间处理为终结',11,2,'2015-07-22 11:01:40',3),(121,'处理为成跟进',3,2,'2015-07-22 11:05:06',0),(122,'处理为成跟进',8,2,'2015-07-26 09:09:20',0),(123,'事件处理为成功',8,2,'2015-07-26 09:09:21',1),(124,'事件处理为失败',3,2,'2015-07-26 11:04:16',2),(125,'处理为成跟进',3,2,'2015-07-26 11:10:31',0),(126,'事件处理为成功',3,2,'2015-07-26 11:10:33',1);

/*Table structure for table `t_schedule` */

DROP TABLE IF EXISTS `t_schedule`;

CREATE TABLE `t_schedule` (
  `id` bigint(20) NOT NULL AUTO_INCREMENT,
  `schtitle` varchar(260) COLLATE utf8_bin DEFAULT NULL,
  `schcreatetime` varchar(60) COLLATE utf8_bin DEFAULT NULL,
  `schfromtime` varchar(60) COLLATE utf8_bin DEFAULT NULL,
  `scheduletime` varchar(60) COLLATE utf8_bin DEFAULT NULL,
  `schstates` tinyint(4) DEFAULT '0',
  `schviews` tinyint(4) DEFAULT '0',
  `schsortid` int(11) DEFAULT NULL,
  `schcustid` bigint(20) DEFAULT NULL,
  `schchanceid` bigint(20) DEFAULT NULL,
  `schaccountid` bigint(20) DEFAULT NULL,
  PRIMARY KEY (`id`)
) ENGINE=InnoDB AUTO_INCREMENT=83 DEFAULT CHARSET=utf8 COLLATE=utf8_bin;

/*Data for the table `t_schedule` */

insert  into `t_schedule`(`id`,`schtitle`,`schcreatetime`,`schfromtime`,`scheduletime`,`schstates`,`schviews`,`schsortid`,`schcustid`,`schchanceid`,`schaccountid`) values (1,'日历','2015-07-03','2015-07-03','2015-07-05',0,1,2,6,NULL,2),(2,'545','2015-07-03 16:52:56','2015-07-03','2015-07-03',1,0,2,6,NULL,2),(3,'44545','2015-07-03 16:52:56','2015-07-03','2015-07-03',1,0,2,6,NULL,2),(4,'热热','2015-07-03 16:52:56','2015-07-03','2015-07-30 04:20',0,0,2,NULL,NULL,2),(5,'热热辅导费','2015-07-03 16:53:16','2015-07-03','2015-07-30 04:20',0,0,2,NULL,NULL,2),(6,'非得分地方','2015-07-03 17:06:23','2015-07-03','2015-07-30 04:20',0,0,1,NULL,NULL,2),(7,'4451454','2015-07-03 22:39:47','2015-07-03','2015-07-30 04:20',1,0,1,NULL,NULL,2),(8,'4565465','2015-07-03 22:39:47','2015-07-03','2015-07-30 04:20',1,0,1,6,NULL,2),(9,'发多发少范德萨发撒','2015-07-05 04:20','2015-07-06 13:09:26','2015-07-10 11:50',1,0,1,NULL,NULL,2),(10,'分','2015-07-05 04:20','2015-07-06 13:09:26','2015-07-30 04:20',0,0,1,NULL,NULL,2),(11,'发的','2015-07-05 04:20','2015-07-06 13:09:26','2015-07-30 04:20',1,0,1,NULL,NULL,2),(12,'费大幅度','2015-07-03 16:52:56','2015-07-06 13:09:26','2015-07-30 04:20',0,0,1,NULL,NULL,2),(13,'','2015-07-06 13:09:26','2015-07-06 13:09:26','2015-07-30 04:20',1,0,1,NULL,NULL,2),(14,'发的','2015-07-06 13:09:35','2015-07-06 13:09:26','2015-07-10 11:55',1,0,1,NULL,NULL,2),(15,'范德萨发生发生额','2015-07-06 13:09:59','2015-07-06 13:09:26','2015-07-16 14:10',1,0,1,NULL,NULL,2),(16,'53543543543543543','2015-07-06 13:12:58','2015-07-06 13:09:26','2015-07-16 14:50',1,0,1,NULL,NULL,2),(17,'fdfdf','2015-07-06 13:21:52','2015-07-06 13:09:26','2015-07-11 08:00',1,0,1,NULL,NULL,2),(18,'个人个人','2015-07-06 13:22:06','2015-07-06 13:09:26','2015-07-25 08:00',1,0,1,NULL,NULL,2),(19,'就哦了经济','2015-07-06 13:25:13','2015-07-06 13:09:26','2015-07-25 08:00',1,0,1,NULL,NULL,2),(20,'程序','2015-07-06 13:25:30','2015-07-06 13:09:26','2015-07-30 04:20',1,0,1,NULL,NULL,2),(32,'了','2015-07-06 13:48:34','2015-07-30 18:50','2015-07-01 08:00',1,0,1,NULL,NULL,2),(33,'如如','2015-07-06 13:49:31','2015-07-30 18:50','2015-07-24 08:00',0,0,1,NULL,NULL,2),(34,'辅导费','2015-07-12 08:57:01','2015-07-02 06:30','2015-07-25 08:30',1,0,1,NULL,NULL,2),(35,'56353','2015-07-12 08:57:36','2015-07-30 18:50','2015-07-31 19:55',1,0,1,NULL,NULL,2),(36,'辅导费','2015-07-12 09:44:37','2015-07-30 18:50','2015-07-15 09:45',0,0,1,NULL,NULL,2),(37,'辅导费的','2015-07-12 09:44:49','2015-07-30 18:50','2015-07-30 17:45',1,0,1,NULL,NULL,2),(38,'官方','2015-07-12 10:27:44','2015-07-13 08:00','2015-07-14 08:00',0,0,1,NULL,NULL,2),(39,'官方','2015-07-12 10:27:49','2015-07-15 08:00','2015-07-16 08:00',0,0,1,NULL,NULL,2),(40,'官方','2015-07-12 10:27:53','2015-07-17 08:00','2015-07-18 08:00',0,0,1,NULL,NULL,2),(41,'官方','2015-07-12 10:27:56','2015-07-21 08:00','2015-07-22 08:00',1,0,1,NULL,NULL,2),(42,'EWEW','2015-07-21 16:14:33','2015-06-29 08:00','2015-07-05 08:00',1,0,1,NULL,NULL,2),(43,'EWEW','2015-07-21 16:14:39','2015-06-29 08:00','2015-07-04 08:00',1,0,1,NULL,NULL,2),(44,'EWEW','2015-07-21 16:14:48','2015-06-29 08:00','2015-07-03 08:00',1,0,1,NULL,NULL,2),(45,'EWEW','2015-07-21 16:14:52','2015-07-22 08:00','2015-08-02 08:00',1,0,1,NULL,NULL,2),(46,'EWEW','2015-07-21 16:14:57','2015-07-28 08:00','2015-07-30 08:00',1,0,1,NULL,NULL,2),(47,'656','2015-07-21 16:23:24','2015-06-28 08:00','2015-07-05 08:00',1,0,1,NULL,NULL,2),(48,'656','2015-07-21 16:23:27','2015-07-22 08:00','2015-07-26 08:00',1,0,1,NULL,NULL,2),(49,'656g','2015-07-21 16:23:41','2015-07-27 08:00','2015-08-02 08:00',1,0,1,NULL,NULL,2),(50,'41','2015-07-21 16:45:40','2015-07-21 08:00','2015-07-26 08:00',0,0,1,NULL,NULL,1),(51,'lk','2015-07-21 16:58:57','2015-07-06 08:00','2015-07-26 08:00',1,0,1,NULL,NULL,2),(52,'辅导费','2015-07-21 23:59:54','2015-06-29 08:00','2015-06-30 08:00',1,0,1,NULL,NULL,2),(53,'2202020202','2015-07-22 00:00:16','2015-07-15 08:00','2015-07-25 08:00',1,0,1,NULL,NULL,2),(54,'4534545454543524324','2015-07-22 00:03:30','2015-06-29 08:00','2015-06-30 08:00',1,0,1,NULL,NULL,2),(55,'45345454545435243242','2015-07-22 00:04:17','2015-06-29 08:00','2015-06-30 08:00',1,0,1,NULL,NULL,2),(56,'45345454545435243242','2015-07-22 00:04:52','2015-06-29 08:00','2015-07-03 08:00',1,0,1,NULL,NULL,2),(57,'官方灌灌灌灌灌灌灌灌','2015-07-22 00:09:05','2015-06-29 08:00','2015-07-02 08:00',1,0,1,NULL,NULL,2),(58,'官方灌灌灌灌灌灌灌灌','2015-07-22 00:09:12','2015-07-24 08:00','2015-07-26 08:00',1,0,1,NULL,NULL,2),(59,'官方灌灌灌灌灌灌灌灌','2015-07-22 00:11:28','2015-06-28 08:00','2015-07-02 08:00',1,0,1,NULL,NULL,2),(60,'的费大幅度','2015-07-22 00:11:38','2015-06-28 08:00','2015-06-30 08:00',1,0,1,NULL,NULL,2),(61,'非得分地方','2015-07-22 00:12:11','2015-06-29 08:00','2015-07-01 08:00',1,0,1,NULL,NULL,2),(62,'4144','2015-07-22 00:12:52','2015-06-28 08:00','2015-07-17 08:00',1,0,1,NULL,NULL,2),(63,'4144414141','2015-07-22 00:13:00','2015-06-28 08:00','2015-07-16 08:00',1,0,1,NULL,NULL,2),(64,'辅导费','2015-07-22 00:13:25','2015-07-28 08:00','2015-07-29 08:00',1,0,1,NULL,NULL,2),(65,'发的','2015-07-22 00:13:37','2015-07-27 08:00','2015-07-28 08:00',1,0,1,NULL,NULL,2),(66,'辅导费','2015-07-22 00:16:16','2015-06-29 08:00','2015-07-01 08:00',1,0,1,NULL,NULL,2),(67,'辅导费','2015-07-22 00:16:38','2015-06-29 08:00','2015-06-30 08:00',1,0,1,NULL,NULL,2),(68,'辅导费','2015-07-22 00:27:03','2015-07-19 08:00','2015-07-21 08:00',1,0,1,NULL,NULL,2),(69,'辅导费','2015-07-22 00:27:15','2015-07-21 08:00','2015-07-22 08:00',1,0,1,NULL,NULL,2),(70,'辅导费','2015-07-22 00:27:48','2015-07-24 08:00','2015-07-25 08:00',1,0,1,NULL,NULL,2),(71,'辅导费','2015-07-22 00:28:39','2015-06-28 08:00','2015-06-29 08:00',1,0,1,NULL,NULL,2),(72,'费功夫功夫','2015-07-22 00:28:52','2015-06-29 08:00','2015-06-30 08:00',0,0,1,NULL,NULL,2),(73,'费功夫功夫','2015-07-22 00:28:57','2015-06-30 08:00','2015-07-01 08:00',0,0,1,NULL,NULL,2),(74,'辅导费辅导费辅导费','2015-07-22 07:10:22','2015-07-27 08:00','2015-08-01 08:00',0,0,1,NULL,NULL,1),(75,'费大幅度','2015-07-22 07:10:51','2015-07-22 08:00','2015-07-23 08:00',1,0,1,NULL,NULL,1),(76,'gfff','2015-07-22 11:02:45','2015-06-28 08:00','2015-07-10 08:00',0,0,1,NULL,NULL,2),(77,'测试哈哈','2015-07-26 10:15:13','2015-07-17 15:55','2015-07-18 11:55',0,0,1,NULL,NULL,2),(78,'苟富贵','2015-07-26 10:42:22','2015-07-09 10:50','2015-07-10 07:30',0,0,1,NULL,NULL,2),(79,'费大幅度','2015-07-26 10:46:04','2015-07-09 10:50','2015-07-11 07:35',0,0,1,31,NULL,2),(80,'54544','2015-07-26 22:50:11','2015-07-03 11:55','2015-07-29 18:50',0,0,1,NULL,NULL,2),(81,'费大幅度发大幅度发士大夫','2015-07-26 22:50:52','2015-07-02 06:30','2015-07-17 14:50',0,0,1,NULL,NULL,2),(82,'发多发发大水发','2015-07-26 22:57:08','2015-07-02 10:50','2015-07-30 18:50',0,0,1,39,NULL,2);

/*Table structure for table `t_sort` */

DROP TABLE IF EXISTS `t_sort`;

CREATE TABLE `t_sort` (
  `id` bigint(20) NOT NULL AUTO_INCREMENT,
  `sortname` varchar(270) COLLATE utf8_bin DEFAULT NULL,
  `sortcolor` varchar(30) COLLATE utf8_bin DEFAULT NULL,
  PRIMARY KEY (`id`)
) ENGINE=InnoDB AUTO_INCREMENT=29 DEFAULT CHARSET=utf8 COLLATE=utf8_bin;

/*Data for the table `t_sort` */

insert  into `t_sort`(`id`,`sortname`,`sortcolor`) values (1,'生活4','rgba(133,107,107,0.93)'),(2,'休闲','#6b1010'),(27,'旅游','#694747'),(28,'fdfvf','#402222');

/*Table structure for table `t_trends` */

DROP TABLE IF EXISTS `t_trends`;

CREATE TABLE `t_trends` (
  `id` bigint(20) NOT NULL AUTO_INCREMENT,
  `tretype` varchar(30) COLLATE utf8_bin DEFAULT NULL,
  `tretitle` varchar(200) COLLATE utf8_bin DEFAULT NULL,
  `trecontent` longtext COLLATE utf8_bin,
  `trecreatetime` varchar(60) COLLATE utf8_bin DEFAULT NULL,
  `treaccountid` bigint(20) DEFAULT NULL,
  PRIMARY KEY (`id`)
) ENGINE=InnoDB AUTO_INCREMENT=99 DEFAULT CHARSET=utf8 COLLATE=utf8_bin;

/*Data for the table `t_trends` */

insert  into `t_trends`(`id`,`tretype`,`tretitle`,`trecontent`,`trecreatetime`,`treaccountid`) values (1,'添加事件','添加客户','添加客户','2015-07-08',2),(2,'添加事件','添加客户','添加客户','2015-07-08 16:24:21',NULL),(4,'添加用户','费大幅度','','2015-07-08 16:29',2),(5,'添加公司','热热','','2015-07-08 16:30',2),(6,'添加机会','费大幅度','','2015-07-08 16:30:51',NULL),(7,'成功事件','测试','【天气太热 千名大学生体育馆过夜】昨晚湖北武汉最高气温达35度，华中师范大学开放有空调的体育馆让学生纳凉过夜。晚上10点多，体育馆里就睡满了上千名学生，还不断地有带着凉席的学生前来。馆内摆上一排盖红布的桌子，作为划分男女住宿的分割线。据悉该校还有许多宿舍没有空调。','2015-06-30',2),(8,'成功事件','测试','【天气太热 千名大学生体育馆过夜】昨晚湖北武汉最高气温达35度，华中师范大学开放有空调的体育馆让学生纳凉过夜。晚上10点多，体育馆里就睡满了上千名学生，还不断地有带着凉席的学生前来。馆内摆上一排盖红布的桌子，作为划分男女住宿的分割线。据悉该校还有许多宿舍没有空调。','2015-06-30',2),(10,'成功事件','测试','【天气太热 千名大学生体育馆过夜】昨晚湖北武汉最高气温达35度，华中师范大学开放有空调的体育馆让学生纳凉过夜。晚上10点多，体育馆里就睡满了上千名学生，还不断地有带着凉席的学生前来。馆内摆上一排盖红布的桌子，作为划分男女住宿的分割线。据悉该校还有许多宿舍没有空调。','2015-06-30',2),(11,'跟进事件','测试','【天气太热 千名大学生体育馆过夜】昨晚湖北武汉最高气温达35度，华中师范大学开放有空调的体育馆让学生纳凉过夜。晚上10点多，体育馆里就睡满了上千名学生，还不断地有带着凉席的学生前来。馆内摆上一排盖红布的桌子，作为划分男女住宿的分割线。据悉该校还有许多宿舍没有空调。','2015-06-30',2),(12,'失败事件','测试','【天气太热 千名大学生体育馆过夜】昨晚湖北武汉最高气温达35度，华中师范大学开放有空调的体育馆让学生纳凉过夜。晚上10点多，体育馆里就睡满了上千名学生，还不断地有带着凉席的学生前来。馆内摆上一排盖红布的桌子，作为划分男女住宿的分割线。据悉该校还有许多宿舍没有空调。','2015-06-30',2),(13,'成功事件','测试','【天气太热 千名大学生体育馆过夜】昨晚湖北武汉最高气温达35度，华中师范大学开放有空调的体育馆让学生纳凉过夜。晚上10点多，体育馆里就睡满了上千名学生，还不断地有带着凉席的学生前来。馆内摆上一排盖红布的桌子，作为划分男女住宿的分割线。据悉该校还有许多宿舍没有空调。','2015-06-30',2),(23,'跟进事件','测试','【天气太热 千名大学生体育馆过夜】昨晚湖北武汉最高气温达35度，华中师范大学开放有空调的体育馆让学生纳凉过夜。晚上10点多，体育馆里就睡满了上千名学生，还不断地有带着凉席的学生前来。馆内摆上一排盖红布的桌子，作为划分男女住宿的分割线。据悉该校还有许多宿舍没有空调。','2015-06-30',2),(24,'失败事件','测试','【天气太热 千名大学生体育馆过夜】昨晚湖北武汉最高气温达35度，华中师范大学开放有空调的体育馆让学生纳凉过夜。晚上10点多，体育馆里就睡满了上千名学生，还不断地有带着凉席的学生前来。馆内摆上一排盖红布的桌子，作为划分男女住宿的分割线。据悉该校还有许多宿舍没有空调。','2015-06-30',2),(25,'过期事件','测试','【天气太热 千名大学生体育馆过夜】昨晚湖北武汉最高气温达35度，华中师范大学开放有空调的体育馆让学生纳凉过夜。晚上10点多，体育馆里就睡满了上千名学生，还不断地有带着凉席的学生前来。馆内摆上一排盖红布的桌子，作为划分男女住宿的分割线。据悉该校还有许多宿舍没有空调。','2015-06-30',2),(26,'成功事件','测试3','【微软放弃WP手机转投Android 这次来真的？】 微软在本月中旬宣布了公司的 重组计划 ，手机业务负责人木马埃洛普离职，成立新的Windows硬件部门。 消息甫出，就有分析人士察觉到这是 CEO纳德拉对Lumia手机或者说W…','2015-06-30',2),(27,'跟进事件','测试3','【微软放弃WP手机转投Android 这次来真的？】 微软在本月中旬宣布了公司的 重组计划 ，手机业务负责人木马埃洛普离职，成立新的Windows硬件部门。 消息甫出，就有分析人士察觉到这是 CEO纳德拉对Lumia手机或者说W…','2015-06-30',2),(28,'成功事件','测试3','【微软放弃WP手机转投Android 这次来真的？】 微软在本月中旬宣布了公司的 重组计划 ，手机业务负责人木马埃洛普离职，成立新的Windows硬件部门。 消息甫出，就有分析人士察觉到这是 CEO纳德拉对Lumia手机或者说W…','2015-06-30',2),(29,'跟进事件','fdsfdsad','<p>fdsdsafsdafsda</p>','2015-07-02 10:27:00',NULL),(30,'成功事件','fdsfdsad','<p>fdsdsafsdafsda</p>','2015-07-02 10:27:00',NULL),(31,'跟进事件','fdsfdsad','<p>fdsdsafsdafsda</p>','2015-07-02 10:27:00',NULL),(32,'失败事件','fdsfdsad','<p>fdsdsafsdafsda</p>','2015-07-02 10:27:00',NULL),(33,'成功事件','fdsfdsad','<p>fdsdsafsdafsda</p>','2015-07-02 10:27:00',NULL),(34,'跟进事件','fdsfdsad','<p>fdsdsafsdafsda</p>','2015-07-02 10:27:00',NULL),(35,'失败事件','fdsfdsad','<p>fdsdsafsdafsda</p>','2015-07-02 10:27:00',NULL),(36,'成功事件','fdsfdsad','<p>fdsdsafsdafsda</p>','2015-07-02 10:27:00',NULL),(37,'跟进事件','fdsfdsad','<p>fdsdsafsdafsda</p>','2015-07-02 10:27:00',NULL),(38,'成功事件','fdsfdsad','<p>fdsdsafsdafsda</p>','2015-07-02 10:27:00',NULL),(39,'跟进事件','fdsfdsad','<p>fdsdsafsdafsda</p>','2015-07-02 10:27:00',NULL),(40,'成功事件','fdsfdsad','<p>fdsdsafsdafsda</p>','2015-07-02 10:27:00',NULL),(41,'跟进事件','fdsfdsad','<p>fdsdsafsdafsda</p>','2015-07-02 10:27:00',NULL),(42,'成功事件','fdsfdsad','<p>fdsdsafsdafsda</p>','2015-07-02 10:27:00',NULL),(43,'跟进事件','fdsfdsad','<p>fdsdsafsdafsda</p>','2015-07-02 10:27:00',NULL),(44,'成功事件','fdsfdsad','<p>fdsdsafsdafsda</p>','2015-07-02 10:27:00',NULL),(45,'跟进事件','fdsfdsad','<p>fdsdsafsdafsda</p>','2015-07-02 10:27:00',NULL),(46,'成功事件','fdsfdsad','<p>fdsdsafsdafsda</p>','2015-07-02 10:27:00',NULL),(47,'跟进事件','fdsfdsad','<p>fdsdsafsdafsda</p>','2015-07-02 10:27:00',NULL),(48,'成功事件','fdsfdsad','<p>fdsdsafsdafsda</p>','2015-07-02 10:27:00',NULL),(49,'跟进事件','fdsfdsad','<p>fdsdsafsdafsda</p>','2015-07-02 10:27:00',NULL),(50,'成功事件','fdsfdsad','<p>fdsdsafsdafsda</p>','2015-07-02 10:27:00',NULL),(51,'跟进事件','fdsfdsad','<p>fdsdsafsdafsda</p>','2015-07-02 10:27:00',NULL),(52,'成功事件','fdsfdsad','<p>fdsdsafsdafsda</p>','2015-07-02 10:27:00',NULL),(53,'跟进事件','fdsfdsad','<p>fdsdsafsdafsda</p>','2015-07-02 10:27:00',NULL),(54,'成功事件','fdsfdsad','<p>fdsdsafsdafsda</p>','2015-07-02 10:27:00',NULL),(55,'跟进事件','fdsfdsad','<p>fdsdsafsdafsda</p>','2015-07-02 10:27:00',NULL),(56,'失败事件','fdsfdsad','<p>fdsdsafsdafsda</p>','2015-07-02 10:27:00',NULL),(57,'跟进事件','fdsfdsad','<p>fdsdsafsdafsda</p>','2015-07-02 10:27:00',NULL),(58,'失败事件','fdsfdsad','<p>fdsdsafsdafsda</p>','2015-07-02 10:27:00',NULL),(59,'跟进事件','fdsfdsad','<p>fdsdsafsdafsda</p>','2015-07-02 10:27:00',NULL),(60,'成功事件','fdsfdsad','<p>fdsdsafsdafsda</p>','2015-07-02 10:27:00',NULL),(61,'过期事件','fdsfdsad','<p>fdsdsafsdafsda</p>','2015-07-02 10:27:00',NULL),(62,'成功事件','fdsfdsad','<p>fdsdsafsdafsda</p>','2015-07-02 10:27:00',NULL),(63,'成功事件','fdsfdsad','<p>fdsdsafsdafsda</p>','2015-07-02 10:27:00',NULL),(64,'过期事件','桑桑','<p>下次带桑桑出去玩耍</p>',NULL,NULL),(65,'成功事件','桑桑','<p>下次带桑桑出去玩耍</p>',NULL,NULL),(66,'添加公司','43434','','2015-07-21 16:16',2),(67,'失败事件','发的','<p>非得分地方</p>',NULL,NULL),(68,'成功事件','发的','<p>非得分地方</p>',NULL,NULL),(69,'跟进事件','发的','<p>非得分地方</p>',NULL,NULL),(70,'过期事件','发的','<p>非得分地方</p>',NULL,NULL),(71,'添加公司','同人图如图','','2015-07-21 22:35',1),(72,'添加公司','非得分地方的','','2015-07-21 22:39',1),(73,'过期事件','费大幅度','','2015-07-08 16:30:51',NULL),(74,'过期事件','rerfddf','<p>fdfds</p>','2015-07-08 16:24:21',NULL),(75,'过期事件','桑桑','<p>下次带桑桑出去玩耍</p>',NULL,NULL),(76,'添加公司','google','','2015-07-22 07:06',2),(77,'添加用户','rere','','2015-07-22 10:59',2),(78,'更新操作','Google','','2015-07-22 11:00',2),(79,'添加机会','rfrfrfr','<p>fd</p>','2015-07-22 11:01:25',NULL),(80,'成功事件','rfrfrfr','<p>fd</p>','2015-07-22 11:01:25',NULL),(81,'失败事件','rfrfrfr','<p>fd</p>','2015-07-22 11:01:25',NULL),(82,'跟进事件','rfrfrfr','<p>fd</p>','2015-07-22 11:01:25',NULL),(83,'成功事件','rfrfrfr','<p>fd</p>','2015-07-22 11:01:25',NULL),(84,'过期事件','rfrfrfr','<p>fd</p>','2015-07-22 11:01:25',NULL),(85,'跟进事件','测试3','【微软放弃WP手机转投Android 这次来真的？】 微软在本月中旬宣布了公司的 重组计划 ，手机业务负责人木马埃洛普离职，成立新的Windows硬件部门。 消息甫出，就有分析人士察觉到这是 CEO纳德拉对Lumia手机或者说W…','2015-06-30',2),(86,'添加公司','trt','','2015-07-22 13:42',2),(87,'添加公司','34343','fdf','2015-07-22 13:43',2),(88,'添加公司','252','','2015-07-22 13:43',2),(89,'添加公司','阿里云','','2015-07-22 13:52',2),(90,'跟进事件','fdsfdsad','<p>fdsdsafsdafsda</p>','2015-07-02 10:27:00',2),(91,'成功事件','fdsfdsad','<p>fdsdsafsdafsda</p>','2015-07-02 10:27:00',2),(92,'失败事件','测试3','【微软放弃WP手机转投Android 这次来真的？】 微软在本月中旬宣布了公司的 重组计划 ，手机业务负责人木马埃洛普离职，成立新的Windows硬件部门。 消息甫出，就有分析人士察觉到这是 CEO纳德拉对Lumia手机或者说W…','2015-06-30',2),(93,'跟进事件','测试3','【微软放弃WP手机转投Android 这次来真的？】 微软在本月中旬宣布了公司的 重组计划 ，手机业务负责人木马埃洛普离职，成立新的Windows硬件部门。 消息甫出，就有分析人士察觉到这是 CEO纳德拉对Lumia手机或者说W…','2015-06-30',2),(94,'成功事件','测试3','【微软放弃WP手机转投Android 这次来真的？】 微软在本月中旬宣布了公司的 重组计划 ，手机业务负责人木马埃洛普离职，成立新的Windows硬件部门。 消息甫出，就有分析人士察觉到这是 CEO纳德拉对Lumia手机或者说W…','2015-06-30',2),(95,'添加机会','非得分地方的打算发生','<p>的非得分地方</p>','2015-07-26 22:49:07',NULL),(96,'添加公司','发大幅度辅导费','','2015-07-26 22:57',2),(97,'添加公司','而78686用户','','2015-07-26 23:00',1),(98,'添加用户','54554','','2015-07-26 23:00',1);

/*!40101 SET SQL_MODE=@OLD_SQL_MODE */;
/*!40014 SET FOREIGN_KEY_CHECKS=@OLD_FOREIGN_KEY_CHECKS */;
/*!40014 SET UNIQUE_CHECKS=@OLD_UNIQUE_CHECKS */;
/*!40111 SET SQL_NOTES=@OLD_SQL_NOTES */;
